1;Arcam;Waterbeach, Cambridge;UK;https://www.arcam.co.uk/
2;Arendal Sound;Arendal;Norway;https://arendalsound.eu/
3;AudioQuest;Irvine, CA;USA;https://www.audioquest.com/
4;Audison;Marignano MC;Italy;https://www.audison.eu/
5;Bang & Olufsen;Struer;Denmark;https://www.bang-olufsen.com/en
6;Bowers & Wilkins;West Sussex;UK;https://www.bowerswilkins.com/net
7;Canon;Ota City, Tokyo;Japan;https://global.canon/en/
8;DALI;Norager;Denmark;https://www.dali-speakers.com
9;Denon;;Japan;https://www.denon.com
10;DJI;Nanshan District, Shenzhen;China;https://www.dji.com/
11;DxO Labs;Paris;France;https://www.dxo.com/
12;EIZO;Hakusan, Ishikawa;Japan;https://www.eizoglobal.com/
13;Emotiva;Franklin, Williamson County, Tennessee;USA;https://emotiva.com/
14;ESB;Via della Meccanica, 14, 04011 Aprilia (Latina);Italy;https://www.esbcar.com/
15;ETON;Pfaffenweg 21, 89231 Neu-Ulm;Germany;https://www.eton-gmbh.com/en/
16;FiiO;Guangzhou;China;https://www.fiio.com/
17;Focal;Paris;France;https://www.focal.com/en
18;Fujifilm;Minato, Tokyo;Japan;https://www.fujifilm.com/
19;Ground Zero;Erlenweg 25, 85658 Egmating;Germany;https://groundzerousa.com/
20;Harman Kardon;Stamford, Connecticut;USA;https://eu.harmankardon.com/
21;Audiotec Fischer;Hünegräben 26, 57392 Schmallenberg;Germany;https://www.audiotec-fischer.de/en
22;Hifonics;851 E. Park Ave, Libertyville, IL;USA;https://hifonics.com/
23;Huawei;Shenzhen;China;https://www.huawei.com/en/
24;iFi Audio;79 Scarisbrick New Road, Southport;UK;https://ifi-audio.com/home
25;JVC;Kenagawa Ward, Yokohama, Kanagawa;Japan;https://www.jvc.net/
26;Kenwood;Hachioji-shi, Tokyo;Japan;https://www.kenwood.com/
27;LG;Seoul;South Korea;https://www.lg.com/global
28;Monitor Audio;Cambridge, England;UK;https://www.monitoraudio.com/
29;Mosconi;Via La Villa, 28, Ghilardino di Fossombrone;Italy;https://mosconi-system.it/
30;Musical Fidelity;Margaretenstrasse 98, A-1050 Wien;UK;https://www.musicalfidelity.com/
31;NAD;Pickering;Canada;https://nadelectronics.com/
32;Nikon;Tokyo;Japan;https://www.nikon.com/
33;OnePlus;Futian district, Shenzhen;China;https://www.oneplus.com/
34;OPPO;Dongguan, Guangdong;China;https://www.oppo.com/en/
35;Optoma;New Taipei City;Taiwan;https://www.optomaeurope.com/
36;Philips;Amsterdam;Netherlands;https://www.philips.com/global
37;Primare;Limstensgatan 7, SE-216 16 Limhamn;Sweden;https://primare.net/
38;Pro-Ject;Analogweg 1, A-2130 Mistelbach;Austria;https://www.project-audio.com/en/
39;ROTEL Michi;Dale Road, Worthing, West Sussex;UK;http://www.rotel.com/en-gb/michi
40;Samsung;Seoul;South Korea;https://www.samsung.com/
41;Sennheiser;Am Labor 1, DE-30900 Wedemark;Germany;https://en-uk.sennheiser.com/
42;Sony;Sony City, Minato, Tokyo?;Japan;https://www.sony.net/
43;SVS;Youngstown (Ohio state);USA;https://www.svsound.com/
44;System Audio;Klosterengen 137 L, 4000 Roskilde.;Denmark;https://system-audio.com/
45;TCL;Huizhou, Guangdong;China;https://www.tcl.com/
46;Thorens;Lustheide 85, 51427 Bergisch Gladbach;Germany;https://thorens.com/
47;Triangle;Villeneuve Saint Germain;France;https://www.trianglehifi.com/en/
48;Trinnov;5 rue Edmond Michelet, 93360 Neuilly-Plaisance;France;https://www.trinnov.com/
49;Volumio;Firenze;Italy;https://volumio.org/
50;Zappiti;;France;https://www.zappiti.com/
51;Zenec;Bohrturmweg 1, 5330 Bad Zurzach;Switzerland;http://www.zenec.com/
